Peak Flow,True Depth
144000,0.38714
172000,0.62008
200000,0.98425
210000,1.49606
225000,1.50919
230000,1.63615
240000,1.89961
250000,2.17749
400000,7.21358
300000,3.70407